id	abstract_id	type	entity_1_id	entity_2_id	novel
0	1711760	Possitive_Correlation	rs768372697	295589	No
1	1711760	Negative_Correlation	D003866	723956	Novel
2	1711760	Possitive_Correlation	D013311	OMIM:604121	Novel
3	1711760	Comparison	c|Allele|T|IVS9+217	164656	Novel
4	1711760	Conversion	D007333	rs74315522	Novel
5	1711760	Bind	D005198	c|INS|304|GCG	Novel
6	6086495	Negative_Correlation	c|DEL||14	56017	No
7	6086495	Possitive_Correlation	rs128624214	rs768372697	No
8	6086495	Negative_Correlation	p|DEL|624_625|VV	rs8050136	No
9	7018927	Cotreatment	20393	rs72559747	No
10	7018927	Cotreatment	D016403	D001172	Novel
11	7018927	Conversion	c|SUB|TAC|CODON329|AA	p|SUB|H|43|R	Novel
12	7018927	Drug Interaction	16189	387166	No
13	7018927	Drug Interaction	192647	751550	No
14	7018927	Bind	24064	20526	Novel
15	7811247	Possitive_Correlation	287871	54901	No
16	7811247	Possitive_Correlation	780	rs1695	Novel
17	7811247	Association	c|Allele|T|IVS9+217	D051436	Novel
18	7811247	Negative_Correlation	D005947	D004113	No
19	7811247	Drug Interaction	5268	7466	Novel
20	7811247	Association	27022	D002375	No
21	7811247	Bind	g|DEL|ORF15+652_653|AG	D006461	No
22	8944024	Bind	D005921	57152	No
23	8944024	Cotreatment	C038192	D007249	No
24	8944024	Conversion	D006949	3087	Novel
25	8944024	Association	D005921	24247	Novel
26	14510914	Association	D002311	C016583	No
27	14510914	Negative_Correlation	864	780	Novel
28	14510914	Negative_Correlation	C564766	387213	Novel
29	14510914	Association	D020920	64102	No
30	14510914	Possitive_Correlation	64476	595	No
31	14510914	Drug Interaction	D007859	353169	No
32	15041272	Cotreatment	170302	D000068698	No
33	15041272	Conversion	D003924	D002805	Novel
34	15041272	Bind	rs734312	rs4828037	No
35	15041272	Conversion	723895	15978	Novel
36	15041272	Drug Interaction	rs2235371	295589	Novel
37	15041272	Drug Interaction	D009135	D003571	Novel
38	15041272	Cotreatment	D001259	D006966	No
39	15041272	Conversion	6493	D010656	No
40	15096016	Bind	D008569	D015658	Novel
41	15096016	Possitive_Correlation	387140	170441	No
42	15096016	Negative_Correlation	D014280	D018798	Novel
43	15096016	Conversion	6899	p|SUB|R|198|W	Novel
44	15096016	Association	rs2476601	C563790	No
45	15096016	Cotreatment	D019964	rs17015215	No
46	15096016	Comparison	18606	D004409	Novel
47	15099351	Drug Interaction	D010713	C029036	No
48	15099351	Cotreatment	D002280	D013311	No
49	15099351	Cotreatment	170302	2475	No
50	15099351	Negative_Correlation	500987	D000848	No
51	15099351	Bind	D000077146	D007249	Novel
52	15099351	Conversion	D013132	D010100	No
53	15099351	Bind	25238	3265	Novel
54	15099351	Association	D003571	4524	No
55	15122708	Cotreatment	D018487	rs13266634	No
56	15122708	Negative_Correlation	12504	2056	Novel
57	15122708	Association	25238	D005973	No
58	15188772	Comparison	16184	D008055	Novel
59	15188772	Cotreatment	3039	386966	Novel
60	15188772	Possitive_Correlation	c|DEL||10-12MB	56172	No
61	15188772	Negative_Correlation	D007511	rs2237892	Novel
62	15188772	Bind	D000438	D000326	Novel
63	15188772	Drug Interaction	D006402	2950	Novel
64	15188772	Bind	D008055	29929	Novel
65	15188772	Conversion	16153	rs1155794	No
66	15614572	Drug Interaction	C038192	D006973	No
67	15614572	Association	4602	319734	Novel
68	15614572	Drug Interaction	D011085	D008550	No
69	15614572	Negative_Correlation	2113	D018981	No
70	15623763	Negative_Correlation	rs17015215	25894	Novel
71	15623763	Possitive_Correlation	387140	C553185	Novel
72	15623763	Cotreatment	319734	D003928	Novel
73	15623763	Bind	c|SUB|G||A	D018981	Novel
74	15623763	Cotreatment	D012492	D006966	Novel
75	15623763	Drug Interaction	170441	16153	Novel
76	15623763	Possitive_Correlation	rs13266634	C538237	Novel
77	15818664	Cotreatment	D054220	5428	Novel
78	15818664	Possitive_Correlation	OMIM:604121	c|DUP||24|	Novel
79	15818664	Drug Interaction	24887	3784	No
80	15818664	Conversion	56485	2264	No
81	15818664	Bind	D003072	p|DEL|624_625|VV	Novel
82	15824163	Bind	D005911	D009410	Novel
83	15824163	Possitive_Correlation	81649	D007980	Novel
84	15824163	Comparison	D001791	p|SUB|V|539|D	Novel
85	15824163	Bind	6714	1572	No
86	15824163	Association	D004409	D004409	No
87	15824163	Association	795670	D018817	No
88	15824163	Drug Interaction	rs13266634	D012310	Novel
89	15970799	Negative_Correlation	D003976	D018817	No
90	15970799	Bind	rs2488457	25894	No
91	15970799	Possitive_Correlation	16171	16534	Novel
92	15970799	Drug Interaction	3087	D011471	No
93	15970799	Association	D028361	26417	No
94	15970799	Conversion	D010714	rs11798018	Novel
95	15970799	Comparison	9456	387156	No
96	16001362	Possitive_Correlation	D054220	351	Novel
97	16001362	Cotreatment	101910198	c|DEL|-19_+73|92	Novel
98	16001362	Association	24887	D001929	Novel
99	16001362	Association	D002805	387168	No
100	16001362	Comparison	D059352	7450	No
101	16001362	Association	D005921	D051436	No
102	16001362	Cotreatment	406884	79068	No
103	16321363	Association	c|INS|304|GCG	50689	Novel
104	16321363	Cotreatment	C547455	g|SUB|G|2885|C	No
105	16321363	Drug Interaction	65248	15270	Novel
106	16321363	Possitive_Correlation	D005938	351	Novel
107	16330669	Negative_Correlation	C537881	c|SUB|C|467|A	No
108	16330669	Possitive_Correlation	rs2073163	D020123	Novel
109	16330669	Association	500987	4693	Novel
110	16419642	Bind	84351	D014221	No
111	16419642	Drug Interaction	D006966	116590	No
112	16419642	Drug Interaction	rs145670736	rs351855	No
113	16419642	Possitive_Correlation	D009203	p|DEL|487_489|DSF	No
114	16419642	Drug Interaction	D005234	29595	Novel
115	16419642	Possitive_Correlation	11747	387168	No
116	16629641	Negative_Correlation	D006402	1674	Novel
117	16629641	Possitive_Correlation	24392	16193	Novel
118	16629641	Conversion	56017	D009506	Novel
119	16629641	Association	53978	84050	No
120	16629641	Drug Interaction	D005317	D005911	No
121	16629641	Possitive_Correlation	C535741	6899	No
122	16629641	Drug Interaction	D030342	84050	Novel
123	16731636	Possitive_Correlation	D009410	387156	Novel
124	16731636	Comparison	D007333	7466	Novel
125	16731636	Cotreatment	81736	14183	Novel
126	16737910	Comparison	16153	C547455	Novel
127	16737910	Possitive_Correlation	D014364	C009591	Novel
128	16737910	Negative_Correlation	D014766	D005938	Novel
129	16737910	Comparison	6899	10400	No
130	16755009	Cotreatment	D010936	C563790	No
131	16755009	Comparison	387213	D000275	Novel
132	16755009	Bind	21926	D004837	No
133	16822828	Bind	D009062	D005283	No
134	16822828	Possitive_Correlation	D008223	5054	No
135	16822828	Bind	1033	386966	Novel
136	16822828	Drug Interaction	D065626	c|DEL|-19_+73|92	Novel
137	16822828	Negative_Correlation	D004827	g|SUB|T|2839|G	Novel
138	16822828	Bind	D007511	rs2622604	Novel
139	16822828	Comparison	D020920	D007674	Novel
140	16904497	Cotreatment	D064420	D014221	No
141	16904497	Conversion	D002311	D014766	No
142	16904497	Possitive_Correlation	C563790	9429	Novel
143	16904497	Drug Interaction	D008077	25187	No
144	16904497	Cotreatment	D002318	D007501	Novel
145	16904497	Negative_Correlation	C563319	rs861019	No
146	16970763	Conversion	D004314	3784	No
147	16970763	Association	2264	D006461	Novel
148	16970763	Negative_Correlation	D003913	rs4828037	Novel
149	17000021	Conversion	11747	24225	Novel
150	17000021	Possitive_Correlation	D066126	rs121909208	Novel
151	17000021	Association	16189	2475	No
152	17000021	Bind	12177	C016583	Novel
153	17000021	Conversion	D008659	rs729302	No
154	17000021	Possitive_Correlation	3815	D013832	No
155	17000021	Drug Interaction	D010714	c|DUP||15	Novel
156	17000021	Association	24498	9138	No
157	17033974	Comparison	D018149	p|FS|P|686||	Novel
158	17033974	Association	2811	57152	Novel
159	17033974	Negative_Correlation	D028361	rs2073163	Novel
160	17033974	Comparison	p|DEL|624_625|VV	50689	Novel
161	17033974	Comparison	9429	D019698	Novel
162	17033974	Possitive_Correlation	D019259	D006973	Novel
163	17273972	Possitive_Correlation	D019259	D009765	Novel
164	17273972	Possitive_Correlation	3630	387187	Novel
165	17273972	Bind	12156	D016403	No
166	17286451	Possitive_Correlation	D002784	29595	No
167	17286451	Bind	c|DUP||15	rs41511344	Novel
168	17286451	Bind	56485	10599	Novel
169	17286451	Drug Interaction	D009135	D018798	Novel
170	17286451	Conversion	D006973	rs199852470	No
171	17318851	Association	31	D001171	No
172	17318851	Association	D006984	3664	Novel
173	17318851	Possitive_Correlation	C537304	20526	Novel
174	17318851	Bind	D007022	c|DEL||TTAAATGG	Novel
175	17318851	Drug Interaction	1499	58801	No
176	17318851	Comparison	D017682	rs2073416	Novel
177	17327131	Bind	12176	25187	No
178	17327131	Possitive_Correlation	11516	C029036	Novel
179	17327131	Cotreatment	D000848	2157	No
180	17327131	Negative_Correlation	D000255	D012254	Novel
181	17327131	Drug Interaction	D002045	20525	Novel
182	17327131	Drug Interaction	116590	22142	No
183	17384765	Association	D020388	D008874	Novel
184	17384765	Bind	rs861019	rs2476601	Novel
185	17384765	Drug Interaction	D030342	c|INS||CCCC	No
186	17384765	Negative_Correlation	C038192	D002395	Novel
187	17384765	Cotreatment	2950	C104457	Novel
188	17384765	Association	D009765	D043564	Novel
189	17384765	Negative_Correlation	780	D008790	Novel
190	17391797	Drug Interaction	p|SUB|G|594|V	D009207	Novel
191	17391797	Possitive_Correlation	D017035	D010695	Novel
192	17391797	Cotreatment	D000544	D002395	Novel
193	17391797	Bind	c|INS|304|GCG	D008550	No
194	17391797	Conversion	164656	3783	No
195	17391797	Possitive_Correlation	24318	15978	Novel
196	17495183	Drug Interaction	12577	24925	No
197	17495183	Bind	54704	D003571	Novel
198	17495183	Bind	2057	D005283	No
199	17572393	Conversion	D013739	D010019	Novel
200	17572393	Drug Interaction	D020244	1572	Novel
201	17572393	Possitive_Correlation	D003975	D020123	Novel
202	17572393	Negative_Correlation	D010713	C090942	Novel
203	17935240	Cotreatment	D013921	D010656	Novel
204	17935240	Association	g|SUB|T|2839|G	C538237	No
205	17935240	Association	rs121909210	26191	No
206	17962394	Bind	D003922	207	Novel
207	17962394	Conversion	C562385	D011128	No
208	17962394	Association	C038192	c|DEL||10-12MB	No
209	17962394	Conversion	C019529	D007036	Novel
210	17962394	Drug Interaction	rs41511344	rs121909211	Novel
211	18235024	Drug Interaction	51099	D004409	Novel
212	18235024	Drug Interaction	1033	79068	Novel
213	18235024	Bind	81736	C547455	Novel
214	18235024	Comparison	170441	D014810	No
215	18235024	Drug Interaction	16590	650	No
216	18235024	Cotreatment	D007511	c|Allele|T|IVS9+217	Novel
217	18235024	Drug Interaction	D020123	rs2073162	Novel
218	18235024	Conversion	rs199852470	D005045	No
219	18408250	Cotreatment	169026	C537881	Novel
220	18408250	Conversion	D000252	rs3730089	Novel
221	18408250	Negative_Correlation	3039	rs3730089	No
222	18408250	Negative_Correlation	D005996	C512273	No
223	18408250	Possitive_Correlation	D014508	D011128	Novel
224	18487244	Association	D015658	D007674	No
225	18487244	Bind	5328	rs351855	Novel
226	18487244	Bind	D014640	5966	Novel
227	18487244	Cotreatment	D003317	D012254	Novel
228	18487244	Bind	D050033	D001929	Novel
229	18487244	Drug Interaction	25894	3664	Novel
230	18487244	Comparison	3939	15270	Novel
231	18487244	Drug Interaction	24887	C019529	No
232	18631865	Negative_Correlation	D007235	1572	No
233	18631865	Comparison	D006212	D018487	Novel
234	18631865	Comparison	c|INS|2172_2173|CCCC	387187	No
235	18768591	Drug Interaction	7150	D018149	Novel
236	18768591	Association	2796	D012174	No
237	18768591	Negative_Correlation	rs2073601	D011507	Novel
238	18768591	Comparison	C019529	18609	Novel
239	18768591	Bind	D010146	56172	Novel
240	18768591	Bind	D001201	53978	Novel
241	18768591	Comparison	5966	D001622	No
242	18768591	Comparison	rs768372697	D014766	No
243	18991055	Possitive_Correlation	p|DEL|624_625|VV	D012178	Novel
244	18991055	Cotreatment	C535741	3783	No
245	18991055	Association	84515	56878	No
246	18991055	Negative_Correlation	D019698	80879	No
247	19058010	Possitive_Correlation	c|DEL||TTAAATGG	D012559	Novel
248	19058010	Negative_Correlation	D008569	rs121909210	No
249	19058010	Comparison	20296	723932	Novel
250	19058010	Negative_Correlation	C537304	p|SUB|G|12|D	Novel
251	19058010	Conversion	D004874	D000438	Novel
252	19058010	Possitive_Correlation	rs2235371	C538237	Novel
253	19058010	Bind	c|DEL||14	D004317	Novel
254	19218574	Bind	D004874	D010019	No
255	19218574	Negative_Correlation	D005198	D008790	No
256	19218574	Association	D010019	595	No
257	19353688	Conversion	1030	25187	Novel
258	19353688	Association	11423	57190	Novel
259	19353688	Comparison	D000255	OMIM:604121	No
260	19353688	Comparison	12575	D017035	No
261	19521089	Negative_Correlation	3087	16171	No
262	19521089	Possitive_Correlation	D005047	rs7582694	Novel
263	19521089	Conversion	6389	D009062	Novel
264	19521089	Drug Interaction	D018149	D003920	Novel
265	19521089	Cotreatment	1149	D001929	No
266	19521089	Drug Interaction	p|FS|P|686||	c|SUB|C|14|T	No
267	19521089	Drug Interaction	3320	D000080345	No
268	19521089	Conversion	D019958	15930	No
269	19592582	Association	6493	100006951	Novel
270	19592582	Bind	6696	D009410	Novel
271	19592582	Association	D008107	3939	No
272	19592582	Comparison	20296	4617	No
273	19592582	Drug Interaction	12504	D018487	No
274	19592582	Association	D002216	D008874	No
275	19642243	Bind	D007249	25187	Novel
276	19642243	Association	D014364	4208	No
277	19642243	Drug Interaction	D005124	15930	Novel
278	19642243	Bind	24224	D000077765	No
279	19642243	Drug Interaction	5101	D004062	No
280	19642243	Negative_Correlation	C016583	C538237	Novel
281	19642243	Negative_Correlation	D019964	c|DEL|1314_1328|	No
282	19642243	Bind	D010714	353169	No
283	19696792	Bind	D007980	D005047	No
284	19696792	Cotreatment	D009538	C009591	No
285	19696792	Bind	rs11798018	57819	No
286	19696792	Drug Interaction	3620	g|DEL|652_653|AG	No
287	19728177	Comparison	3082	10891	No
288	19728177	Cotreatment	2796	D008180	No
289	19728177	Association	D006332	D000068877	No
290	19728177	Comparison	D007674	3087	No
291	19728177	Comparison	rs768372697	2120	Novel
292	19811499	Bind	D000077146	rs121909211	Novel
293	19811499	Association	rs4704559	4524	Novel
294	19811499	Possitive_Correlation	31	D008180	No
295	19811499	Bind	22339	3783	Novel
296	19918264	Drug Interaction	864	387140	Novel
297	19918264	Possitive_Correlation	3815	rs74315522	Novel
298	19918264	Conversion	D007037	D001259	No
299	19918264	Drug Interaction	6532	D020123	Novel
300	19918264	Conversion	D014364	p|SUB|M|204|V	Novel
301	19918264	Association	C562385	57819	Novel
302	19918264	Drug Interaction	595	D014766	Novel
303	19918264	Cotreatment	57104	16153	Novel
304	19923525	Drug Interaction	D018698	26417	No
305	19923525	Drug Interaction	D010300	p|SUB|R|962|T	Novel
306	19923525	Negative_Correlation	D007545	D007545	Novel
307	19923525	Drug Interaction	D000450	4208	No
308	19923525	Association	15930	387213	Novel
309	19923525	Negative_Correlation	D009422	57190	No
310	20105280	Negative_Correlation	5925	D010695	No
311	20105280	Bind	c|DEL|-19_+73|92	rs2073163	Novel
312	20105280	Possitive_Correlation	1410	D009369	No
313	20105280	Association	D019964	D012175	Novel
314	20105280	Association	65086	16153	No
315	20195852	Comparison	7124	D000450	Novel
316	20195852	Comparison	652	rs7946	No
317	20195852	Negative_Correlation	D000740	D002110	No
318	20520283	Cotreatment	2057	387140	No
319	20520283	Comparison	D005234	D002395	No
320	20520283	Comparison	D011507	rs729302	Novel
321	20520283	Comparison	300438	D012178	No
322	20520283	Bind	24392	rs2237892	Novel
323	20520283	Negative_Correlation	D005911	D008901	Novel
324	20520283	Conversion	D009062	6528	Novel
325	20520283	Cotreatment	D009410	155871	Novel
326	20528871	Conversion	387213	15978	No
327	20528871	Negative_Correlation	81736	15930	Novel
328	20528871	Bind	D008175	207	Novel
329	20648600	Negative_Correlation	155871	D012310	Novel
330	20648600	Conversion	D015458|D016399	rs199852470	Novel
331	20648600	Possitive_Correlation	4306	D012174	No
332	20648600	Negative_Correlation	D005996	D009202	Novel
333	20683499	Bind	288584	D010656	Novel
334	20683499	Bind	rs768372697	p|DEL|439_443|	Novel
335	20683499	Association	g|DEL|ORF15+652_653|AG	D005921	Novel
336	20683499	Cotreatment	5054	20393	Novel
337	20683499	Association	12038	D019698	Novel
338	20806042	Conversion	2811	D009410	No
339	20806042	Bind	D003866	1029	Novel
340	20806042	Association	D020123	D010936	Novel
341	20806042	Association	24533	p|FS|V|311||	No
342	21496008	Association	D006470	D005492	No
343	21496008	Possitive_Correlation	25054	D004837	No
344	21496008	Conversion	D001791	C537849	Novel
345	21496008	Negative_Correlation	C553185	4693	Novel
346	21496008	Possitive_Correlation	D009135	53978	Novel
347	21496008	Bind	D034141	D003687	No
348	21699520	Association	20674	16193	Novel
349	21699520	Cotreatment	C563790	c|SUB|C||T	No
350	21699520	Drug Interaction	22353	rs1155794	Novel
351	21699520	Conversion	7450	301252	Novel
352	21699520	Negative_Correlation	D007501	D008545	No
353	21699520	Drug Interaction	6103	C522667	Novel
354	21699520	Conversion	21943	rs199852470	No
355	21799811	Association	p|SUB|L|180|M	rs768372697	No
356	21799811	Conversion	D064420	300438	Novel
357	21799811	Association	C535741	14183	No
358	21799811	Cotreatment	D008315	1950	No
359	21799811	Association	1019	351	Novel
360	21799811	Possitive_Correlation	D007037	D004409	No
361	21799811	Comparison	12504	751550	Novel
362	21799811	Negative_Correlation	D017035	11820	No
363	21810259	Comparison	D000077146	C538287	No
364	21810259	Comparison	65248	15270	Novel
365	21810259	Cotreatment	D017116	D005492	Novel
366	21810259	Comparison	1432	58801	No
367	21810259	Comparison	D008077	D002118	No
368	21911891	Association	rs768372697	D010936	Novel
369	21911891	Possitive_Correlation	D004314	D009506	Novel
370	21911891	Possitive_Correlation	50486	56717	Novel
371	21911891	Drug Interaction	4208	D014640	Novel
372	21911891	Possitive_Correlation	D020244	p|SUB|V|539|D	No
373	21911891	Comparison	D000068698	56485	No
374	21911891	Association	15270	D011507	Novel
375	21911891	Comparison	4524	D014810	Novel
376	22048266	Conversion	p|SUB|R|198|W	780	No
377	22048266	Conversion	p|SUB|H|626|R	D003920	No
378	22048266	Negative_Correlation	D002805	D007036	Novel
379	22180037	Possitive_Correlation	16184	4693	Novel
380	22180037	Drug Interaction	p|SUB|L|180|M	D006397	Novel
381	22180037	Negative_Correlation	D005227	D003976	Novel
382	22369755	Negative_Correlation	D007859	c|DEL||10-12MB	Novel
383	22369755	Cotreatment	rs128624214	10891	No
384	22369755	Comparison	17127	D000082	No
385	22369755	Drug Interaction	D008545	C029036	No
386	22369755	Conversion	D004409	p|DEL|624_625|VV	No
387	22369755	Comparison	7846	24225	Novel
388	22369755	Drug Interaction	287871	1019	No
389	22369755	Conversion	D006509	7846	No
390	22729903	Conversion	D010190	D014196	No
391	22729903	Conversion	3630	D000080345	Novel
392	22729903	Association	D005198	15930	No
393	22729903	Possitive_Correlation	D008103	D001172	No
394	22729903	Possitive_Correlation	25	rs2073162	No
395	23872883	Bind	6696	D008180	Novel
396	23872883	Drug Interaction	D007036	D019326	Novel
397	23872883	Possitive_Correlation	rs1155794	387187	Novel
398	23872883	Negative_Correlation	1029	1572	Novel
399	23872883	Conversion	D002188	D000326	Novel
400	23872883	Bind	7450	D010695	Novel
401	24114426	Cotreatment	D065095	rs11798018	No
402	24114426	Cotreatment	56717	D002330	No
403	24114426	Comparison	4602	18609	Novel
404	24114426	Bind	D002972	12176	Novel
405	24114426	Negative_Correlation	29595	3784	Novel
406	24126708	Possitive_Correlation	21943	D000647	Novel
407	24126708	Cotreatment	rs4402960	79068	No
408	24126708	Conversion	D005283	26416	No
409	24126708	Drug Interaction	1300	29595	Novel
410	24126708	Association	C566121	D006461	No
411	24126708	Conversion	3620	C553185	Novel
412	24132704	Bind	D005492	1499	No
413	24132704	Conversion	D006526	6532	Novel
414	24132704	Association	D010190	D007545	Novel
415	24132704	Drug Interaction	7124	20501	Novel
416	24535067	Cotreatment	15930	rs2073601	No
417	24535067	Association	2950	D008715	No
418	24535067	Cotreatment	c|INS|304|GCG	D009553	No
419	24739405	Association	D007674	D005632	Novel
420	24739405	Negative_Correlation	6794	27099	Novel
421	24739405	Negative_Correlation	C564766	361367	Novel
422	24739405	Bind	D051437	D008901	No
423	24739405	Drug Interaction	1950	D008545	Novel
424	24739405	Cotreatment	1149	D008607	Novel
425	24739405	Comparison	81736	D007036	Novel
426	24768818	Bind	D007674	D011507	No
427	24768818	Negative_Correlation	D009602	25894	Novel
428	24768818	Negative_Correlation	C538237	26413	Novel
429	24768818	Association	C537881	C016583	Novel
430	24853300	Drug Interaction	D003072	D007249	No
431	24853300	Association	1019	387168	No
432	24853300	Drug Interaction	D002784	rs7802	Novel
433	24853300	Conversion	84515	D020244	Novel
434	24853300	Drug Interaction	300711	rs734312	No
435	25080425	Possitive_Correlation	500987	c|DUP||24|	No
436	25080425	Association	19164	D005045	No
437	25080425	Bind	rs145670736	3783	Novel
438	25080425	Association	D000069285	6899	No
439	25305591	Cotreatment	D019958	D007501	No
440	25305591	Negative_Correlation	D004062	5295	Novel
441	25305591	Drug Interaction	D017114	C090942	Novel
442	25305591	Bind	C535741	D006331	Novel
443	25305591	Association	C553185	6775	Novel
444	25305591	Association	C026956	rs2622604	Novel
445	25305591	Association	D020244	D008550	Novel
446	25305591	Drug Interaction	C562509	12176	Novel
447	25983002	Negative_Correlation	1149	D008715	Novel
448	25983002	Bind	D002216	D004681	Novel
449	25983002	Association	58801	D005947	No
450	25983002	Negative_Correlation	p|SUB|E|947|X	7846	Novel
451	25983002	Comparison	D007239	D018981	No
452	25983002	Conversion	D007859	D013831	Novel
453	25983002	Negative_Correlation	D006949	12038	Novel
454	25983002	Drug Interaction	5562	3630	Novel
455	25986755	Association	D003520	D007022	No
456	25986755	Negative_Correlation	10644	D003687	No
457	25986755	Drug Interaction	D017114	p|SUB|H|626|R	No
458	25986755	Drug Interaction	5054	rs2073601	Novel
459	26027517	Conversion	19130	rs1639679	Novel
460	26027517	Negative_Correlation	D010936	rs17015215	Novel
461	26027517	Drug Interaction	D017116	D000080345	No
462	26027517	Negative_Correlation	6532	D013831	No
463	26110643	Drug Interaction	81649	723814	Novel
464	26110643	Comparison	387213	rs8050136	No
465	26110643	Cotreatment	841	2260	Novel
466	26110643	Comparison	D009602	6696	Novel
467	26516699	Bind	5328	D005973	No
468	26516699	Conversion	D010019	D054220	No
469	26516699	Comparison	D009202	c|Allele|T|IVS9+217	Novel
470	26516699	Cotreatment	16590	D019698	Novel
471	26516699	Drug Interaction	D003976	25125	Novel
472	26516699	Possitive_Correlation	5925	rs3730089	Novel
473	26731607	Conversion	D011471	2057	No
474	26731607	Cotreatment	D009404	2811	Novel
475	26731607	Cotreatment	4208	50689	Novel
476	27134166	Possitive_Correlation	D003967	D009207	No
477	27134166	Negative_Correlation	581	g|DEL|652_653|AG	Novel
478	27134166	Comparison	p|SUB|M|204|V	C522667	No
479	27134166	Possitive_Correlation	64654	D002395	Novel
480	27134166	Possitive_Correlation	7039	5149	Novel
481	27134166	Drug Interaction	D014508	rs2073416	Novel
482	27134166	Cotreatment	D000275	4921	Novel
483	27134166	Association	5970	751550	No
484	27248656	Conversion	3630	rs7582694	Novel
485	27248656	Bind	3815	D008055	No
486	27248656	Negative_Correlation	D011507	C029036	No
487	27248656	Cotreatment	D008607	90167	No
488	27248656	Possitive_Correlation	D010190	c|SUB|G|-4|A	No
489	27248656	Comparison	D013739	c|SUB|G|-4|A	No
490	27248656	Possitive_Correlation	6389	16153	No
491	27384305	Cotreatment	p|SUB|G|594|V	rs121909208	Novel
492	27384305	Possitive_Correlation	D012601	5966	No
493	27384305	Cotreatment	D002972	2157	No
494	27384305	Drug Interaction	353169	rs137852212	Novel
495	27384305	Bind	64639	84050	Novel
496	27640183	Conversion	D002045	rs461155	Novel
497	27640183	Negative_Correlation	D004487	C009591	Novel
498	27640183	Comparison	D000860	c|DEL||GAG	Novel
499	27640183	Drug Interaction	D019636	90167	Novel
500	27640183	Comparison	p|SUB|H|43|R	780	No
501	27640183	Cotreatment	7200	D012178	Novel
502	27825100	Cotreatment	1277	164656	No
503	27825100	Drug Interaction	24770	c|SUB|G||A	Novel
504	27825100	Conversion	C562385	D007980	No
505	27825100	Drug Interaction	rs1155974	387201	Novel
506	27825100	Possitive_Correlation	27022	D013311	No
507	27825100	Bind	D004827	2703	No
508	27825100	Drug Interaction	C547455	4524	No
509	28098423	Cotreatment	D013311	11516	No
510	28098423	Negative_Correlation	4921	p|DEL|624_625|VV	Novel
511	28098423	Bind	D000163	c|SUB|G||A	Novel
512	28279980	Cotreatment	15930	D018981	No
513	28279980	Possitive_Correlation	D000544	3265	No
514	28279980	Bind	6696	16193	No
515	28348168	Drug Interaction	rs2488457	9429	Novel
516	28348168	Association	7200	c|DEL||10-12MB	No
517	28348168	Bind	24064	723932	Novel
518	28348168	Bind	D005938	D051436	No
519	28481876	Conversion	4602	D014766	No
520	28481876	Possitive_Correlation	D013921	g|DEL|ORF15+652_653|AG	No
521	28481876	Possitive_Correlation	D028361	C537849	No
522	28481876	Drug Interaction	D005921	C563678	No
523	28481876	Negative_Correlation	D001480	29595	Novel
524	28687665	Drug Interaction	D051437	12156	Novel
525	28687665	Possitive_Correlation	p|DEL|439_443|	56717	No
526	28687665	Cotreatment	D000163	D013832	Novel
527	28687665	Association	D005045	2260	Novel
528	28687665	Cotreatment	p|DEL|439_443|	353169	No
529	28687665	Association	27022	155871	Novel
530	29045486	Cotreatment	C522667	D006509	No
531	29045486	Drug Interaction	5663	D003928	No
532	29045486	Drug Interaction	1950	26413	No
533	29045486	Cotreatment	D001714	20393	Novel
534	30442153	Possitive_Correlation	6775	D000860	No
535	30442153	Comparison	D059352	D009207	Novel
536	30442153	Association	9456	D003687	No
537	30442153	Bind	24392	93589	No
538	30442153	Comparison	C537881	c|SUB|G||A	Novel
